driver_id,firstname,lastname
300,Ashley,Murphy
301,Ashley,Reyes
302,Casey,Lawrence
303,Barbara,Walsh
304,Jacob,Hensley
305,Vicki,Richardson
306,Steven,Wilson
307,Joseph,Wright
308,Douglas,Macias
309,Shawn,Mason
310,Abigail,Chambers
311,Richard,Robinson
312,Amy,Moody
313,Charles,Johnson
314,Joshua,Gibson
315,Dakota,Malone
316,Sarah,Richardson
317,Nancy,Sanchez
318,Nicole,Miller
319,Steven,Roberts
320,Todd,Bentley
321,Angela,Figueroa
322,Dr.,Terri
323,Raymond,Bryant
324,Stephanie,Smith
325,Tonya,Powell
326,David,Delgado
327,Kelli,Woods
328,Gregory,Macdonald
329,Kristen,Brown
330,Bradley,Harris
331,Justin,Martinez
332,Nicole,Sanchez
333,Anna,Hill
334,Julia,Bailey
335,Joseph,Mitchell
336,William,Reed
337,Justin,Davis
338,Jasmine,Smith
339,Heidi,Johnson
340,Shelley,Gillespie
341,Robert,Lewis
342,Jamie,Bowman
343,Tara,Pena
344,Elijah,Johnson
345,Douglas,Alvarez
346,Lauren,Cantrell
347,Sharon,Lee
348,Michael,Bishop
349,Douglas,Hernandez
350,Glenn,Mayer
351,Chase,Green
352,John,White
353,Melissa,Davis
354,Elizabeth,Peterson
355,Ronald,Chase
356,Ernest,Blevins
357,David,Choi
358,Linda,Jones
359,Matthew,Stark
360,Lori,Hawkins
361,Samantha,Smith
362,Paula,Morris
363,Jordan,Perry
364,Marie,Huffman
365,Angela,Smith
366,Michelle,Norton
367,Christopher,Anderson
368,Allison,Johnson
369,Alice,Nolan
370,Jennifer,King
371,Kenneth,Miller
372,Anna,Ferrell
373,Ms.,Melissa
374,Leroy,Mcguire
375,Crystal,Turner
376,Nathaniel,Mitchell
377,Stephanie,Brown
378,Patricia,Wilcox
379,Melanie,Collins
380,Robert,Poole
381,Kathy,Arroyo
382,Kenneth,Morrison
383,James,Robles
384,Daisy,Barker
385,Douglas,Hale
386,Kenneth,Marshall
387,Barry,Smith
388,Donna,Robinson
389,Joseph,Miles
390,Larry,Douglas
391,Jeffery,Alexander
392,Nathaniel,Johnson
393,Brian,Walsh
394,Chase,Horn
395,Brian,Roth
396,Steven,Smith
397,Joan,Huffman
398,Kenneth,Hickman
399,Ashley,Durham
400,Kimberly,Ramirez
401,James,Stevens
402,Bryan,Salinas
403,Dr.,Krystal
404,Andrea,Hurst
405,Christopher,Bean
406,David,Taylor
407,Jennifer,King
408,Joseph,Charles
409,Carl,Buckley
410,Cynthia,Aguilar
411,Alexis,Avery
412,Antonio,Dean
413,Nicholas,Johnson
414,Bailey,Watkins
415,Andrea,Rios
416,Jamie,Mitchell
417,Jeffrey,Lewis
418,Brooke,Miller
419,Lauren,Aguirre
420,Thomas,Sanchez
421,Jacob,Morris
422,Steven,Torres
423,Natalie,Mason
424,Philip,Park
425,Billy,Sanchez
426,Laura,Floyd
427,Brandon,Taylor
428,Allison,Lee
429,Michelle,Valencia
430,Robert,Gonzales
431,Max,Cohen
432,Jason,Barnett
433,Melinda,Diaz
434,Susan,Smith
435,Tyler,Patel
436,Elizabeth,Bailey
437,Jennifer,Delgado
438,John,Yu
439,Dr.,James
440,Stephen,Rojas
441,Brett,Ortiz
442,Christopher,Smith
443,Felicia,Hill
444,Ashley,Simmons
445,Jonathan,Torres
446,Keith,Garcia
447,Tyrone,Pearson
448,Austin,Nichols
449,Tara,Erickson
450,Alec,Roy
451,Eric,Horn
452,Michelle,Brown
453,Patricia,Hubbard
454,Mr.,Martin
455,Chris,Flores
456,John,Hernandez
457,Kristopher,Holloway
458,Thomas,Davidson
459,Michele,Wilson
460,Jack,Thomas
461,David,Lamb
462,Shelly,Gilbert
463,Richard,Huang
464,John,Mercado
465,Laura,Bishop
466,Amy,George
467,Traci,Greene
468,Kevin,Carter
469,Brian,Williams
470,Lawrence,Watson
471,Jeremy,Jordan
472,Mrs.,Laura
473,Maria,Jones
474,Jeffrey,Lyons
475,Leah,Bailey
476,Brian,Michael
477,Dana,Lewis
478,Walter,Duncan
479,Karen,Mcclain
480,Sarah,Jackson
481,Keith,Burton
482,Valerie,Rubio
483,Justin,Wood
484,Catherine,Padilla
485,Robert,Jackson
486,Charles,Garcia
487,Christopher,Neal
488,Dr.,Nicholas
489,Jamie,Patterson
490,Jeffrey,Tapia
491,Mark,Jackson
492,George,King
493,Christopher,Brown
494,Jennifer,Curry
495,Jennifer,Bates
496,Misty,Johnson
497,Debbie,Moreno
498,Matthew,Deleon
499,Anthony,Delacruz
500,Mark,Harris
501,Benjamin,Smith
502,Michael,Curry
503,Catherine,Fisher
504,Steven,Taylor
505,Joseph,Cruz
506,Stephen,Haynes
507,Joshua,Giles
508,Amy,Ford
509,Eric,Sanchez
510,Todd,Moore
511,Lucas,Sweeney
512,Adam,Ramirez
513,Margaret,Salazar
514,Bradley,Kelly
515,Chase,Pierce
516,Vincent,Shaw
517,James,Rivas
518,Ashley,Morales
519,Spencer,Smith
520,Emily,Brown
521,Devin,Murphy
522,Todd,Sexton
523,Jennifer,Medina
524,Yesenia,Jones
525,Jeremy,Robinson
526,Karen,Campbell
527,Faith,Wells
528,Jason,Collins
529,Christopher,Moore
530,Christina,Short
531,Stacy,Murray
532,Sarah,Anderson
533,Brittney,Jones
534,Destiny,Ortiz
535,Stephanie,Ward
536,Jennifer,Moore
537,David,Benson
538,Peggy,Hall
539,Dorothy,Delgado
540,Paul,Glover
541,Andrew,Jackson
542,Julia,Mitchell
543,Thomas,Miller
544,Stephanie,Gross
545,Logan,Ray
546,Robert,Hudson
547,Natasha,Taylor
548,Lisa,Lopez
549,Elizabeth,Gardner
550,Cheyenne,Baker
551,Robert,Kim
552,April,Leon
553,Sarah,Horton
554,Christopher,Alvarez
555,Victor,Miller
556,Mark,Miller
557,Thomas,Mays
558,Jason,Waller
559,Monica,Sosa
560,Anthony,Lopez
561,Gregory,Rogers
562,Angela,King
563,Nicholas,Conley
564,David,Smith
565,Frank,Sandoval
566,Jill,Pratt
567,Justin,Harris
568,Adriana,Vargas
569,Dale,Rosario
570,Samantha,Smith
571,Wendy,Davis
572,Kim,Flores
573,Phillip,Larsen
574,Patricia,Garza
575,Jose,Gonzales
576,Kyle,Ramsey
577,Chelsea,Francis
578,Jennifer,Hayes
579,Michael,Reynolds
580,Daniel,Hunter
581,Charles,Vance
582,Patricia,Lam
583,Melissa,Gaines
584,Dennis,Ramos
585,Brian,Mclaughlin
586,Jennifer,Taylor
587,Susan,Padilla
588,Brandon,Dyer
589,Daniel,Hicks
590,Susan,Sullivan
591,Evan,Jones
592,Philip,Richmond
593,Christina,Peters
594,Christopher,Flores
595,Dr.,Kimberly
596,Travis,Wiggins
597,Steven,Salazar
598,Melanie,Randolph
599,Tracey,Weeks
600,Nathan,Rodriguez
601,Melissa,Raymond
602,Amy,Mason
603,Caitlin,Horton
604,Joseph,Stanton
605,Lisa,Jones
606,Dylan,Brown
607,Cathy,Miles
608,Tony,Jackson
609,Christopher,Mcconnell
610,Jordan,Williams
611,Joyce,Mcguire
612,Terrence,Pitts
613,Kenneth,Butler
614,Rebecca,Smith
615,Jonathan,Russell
616,Jason,Williams
617,Tara,Medina
618,Jeremy,Jones
619,Michael,Moore
620,Frank,Hart
621,James,Jordan
622,Taylor,Cardenas
623,Joshua,Taylor
624,Michelle,Gonzalez
625,Patricia,Gonzalez
626,Amanda,Frazier
627,Rhonda,Chavez
628,Jordan,Short
629,Michael,Lara
630,Charlene,Pope
631,Carlos,Thompson
632,Charles,Smith
633,Scott,Holt
634,John,Lewis
635,Dana,Robinson
636,Edwin,Palmer
637,Melissa,Harmon
638,Derrick,Stewart
639,Edward,Nicholson
640,Jonathan,Skinner
641,Anne,Nguyen
642,John,Young
643,Sheila,Mitchell
644,Rhonda,Gill
645,Danielle,Green
646,Nancy,Baxter
647,Teresa,Pope
648,Jonathan,Chapman
649,Amanda,Reid
650,Michael,Strickland
651,Brian,Bailey
652,Willie,Castro
653,Amanda,Grimes
654,Gina,Ryan
655,Ellen,Cooper
656,Jacob,Matthews
657,Levi,Burton
658,Crystal,Ayers
659,Kimberly,Shepherd
660,Fernando,Glass
661,Diana,Adams
662,Patricia,Smith
663,Robert,Fitzgerald
664,Sandra,Gill
665,Cathy,Phillips
666,Sheena,Cooper
667,Fred,Newton
668,Nathaniel,Raymond
669,Miguel,Lopez
670,Ann,Bowers
671,Billy,Patton
672,Jennifer,Montgomery
673,Sheila,Olson
674,Philip,Vasquez
675,Brandon,Livingston
676,Jessica,Camacho
677,Jeremy,Ray
678,Mark,Davis
679,Stanley,Williams
680,Maria,Henderson
681,Sharon,Bryant
682,Vincent,Thomas
683,Kevin,Gentry
684,Jordan,Howell
685,Ronald,Bowen
686,Kristopher,Cole
687,Mark,Ramsey
688,Andrew,Sloan
689,Melissa,Williams
690,Corey,Hammond
691,Mason,Savage
692,Kevin,Dennis
693,Javier,Hansen
694,Jennifer,Ramos
695,Megan,King
696,Mark,Welch
697,Jared,Johnson
698,Brian,Torres
699,Mark,Hernandez
700,Veronica,Mcguire
701,Heidi,Welch
702,Linda,Fox
703,Joseph,Lamb
704,Michael,Hughes
705,Holly,Bradley
706,Anthony,Long
707,Lisa,Baker
708,Donna,Lynn
709,Daniel,Scott
710,Monica,Beck
711,Linda,Zimmerman
712,Dr.,Gary
713,Kimberly,Ellis
714,Spencer,Lawson
715,Bruce,Krueger
716,Melissa,Moore
717,Clayton,Baird
718,Ana,Reynolds
719,Angela,Mendez
720,Joshua,Delgado
721,Jacob,Foley
722,Tommy,Freeman
723,Peter,Leonard
724,Heidi,Fields
725,Joshua,Taylor
726,Gregory,Nelson
727,Tara,Drake
728,Kyle,Lee
729,Joseph,Campbell
730,Benjamin,Kemp
731,Corey,Sosa
732,Mark,Wiley
733,Daisy,Weiss
734,George,Smith
735,Joseph,Bailey
736,Kelly,Noble
737,Jeremy,Nelson
738,Daniel,Key
739,Bobby,Chapman
740,Martin,Shaw
741,Matthew,Garner
742,Kayla,Castillo
743,Rhonda,Osborn
744,Maxwell,Graves
745,Eddie,Jackson
746,Katherine,Thomas
747,Margaret,Woods
748,Heather,Robinson
749,Michael,Phillips
750,Anna,Moyer
751,Randy,Gonzalez
752,Nicole,Erickson
753,Timothy,Mcdonald
754,Brian,Williams
755,Debra,Larsen
756,Martin,Brown
757,William,George
758,Brittany,Cox
759,Anne,Sutton
760,Adriana,Fields
761,Anne,Bell
762,Richard,Lawrence
763,Michael,Nichols
764,Terry,Wilson
765,Dennis,Barber
766,Amanda,Archer
767,Richard,Cameron
768,Benjamin,Bennett
769,Michael,Pacheco
770,John,Ortega
771,Miss,Jennifer
772,David,Cummings
773,Jacqueline,Fernandez
774,Stacey,Miller
775,Joe,Skinner
776,Veronica,Cook
777,Tara,Turner
778,Steven,Blackburn
779,Cynthia,Tucker
780,Sean,Sanders
781,David,Smith
782,Shane,Hughes
783,Tamara,Hurst
784,Cheryl,Phillips
785,David,Mccoy
786,Lauren,Fuentes
787,Melissa,Salazar
788,Bianca,Payne
789,Ryan,Williams
790,Matthew,Roman
791,Tami,Bautista
792,Scott,Davis
793,Gary,Flowers
794,Margaret,Sawyer
795,Brenda,Chapman
796,Jacob,Jackson
797,Mark,Owens
798,Sara,Torres
799,Rebecca,Hernandez
800,Kimberly,Martinez
801,Alexandra,Haynes
802,Kimberly,Romero
803,Samantha,Mckinney
804,Tammy,Adams
805,Heather,Howell
806,Lisa,Francis
807,Gloria,Russell
808,Tiffany,Moore
809,Daniel,Brady
810,Richard,Robinson
811,Ryan,Williams
812,Crystal,Ortiz
813,Monica,Bailey
814,Kyle,Mitchell
815,Dalton,Keller
816,Evan,Carney
817,Randy,Weaver
818,Brandon,Allison
819,Earl,Martinez
820,Elizabeth,Dunn
821,Scott,Parker
822,Kristie,Jackson
823,Matthew,Oconnor
824,Sharon,Phillips
825,Lisa,Avila
826,Ashley,Santana
827,Robert,West
828,Jeffery,Carlson
829,Nicholas,Dunn
830,Shannon,Morris
831,Danielle,Mccoy
832,Derek,Wilson
833,Dana,White
834,Robert,Griffin
835,Kathy,Ferrell
836,Amanda,Adams
837,Alyssa,Bright
838,Albert,Garza
839,Alex,Johnson
840,Paul,Nguyen
841,Kevin,Fuller
842,David,Rodriguez
843,Alejandra,Wilson
844,Connie,Dunn
845,Savannah,Miller
846,Elizabeth,Jones
847,Patrick,Dodson
848,Alexander,Crawford
849,Katherine,Brooks
850,Mr.,Edward
851,Melissa,Gonzales
852,Karen,Chavez
853,Michael,Smith
854,Glen,Davis
855,Hannah,Wheeler
856,Lauren,Fernandez
857,Crystal,Rivas
858,Patricia,Coleman
859,Robert,Clark
860,Brandon,Jones
861,Miss,Betty
862,Austin,Gomez
863,John,Brown
864,Melissa,Lopez
865,Mark,Howard
866,Juan,Vincent
867,Melissa,Moore
868,William,Martinez
869,Mariah,Stokes
870,Kyle,Wolfe
871,Thomas,Scott
872,Frank,Le
873,Jeremy,Cole
874,Bryan,Lopez
875,Adam,Davis
876,Ronald,May
877,Jacqueline,Mathis
878,Christina,Bowers
879,Christopher,Black
880,Tiffany,Taylor
881,Robert,Hunter
882,Mary,Palmer
883,Richard,Drake
884,Michelle,Roberts
885,Cindy,Parker
886,Daniel,Dickerson
887,Christine,Owens
888,Edwin,Reed
889,Jennifer,Davis
890,Brandon,Drake
891,Christine,Brown
892,Jason,Sherman
893,Heather,Moss
894,Larry,Gonzales
895,Tina,Russo
896,Jonathon,Bryant
897,William,Solis
898,Laura,Bennett
899,Samantha,Hernandez
900,Abigail,Short
901,Kristen,Lopez
902,Tammy,Cruz
903,Lori,Thornton
904,Anthony,Obrien
905,Kimberly,Sanders
906,Shawn,Bailey
907,Erika,Delacruz
908,Timothy,Meyer
909,Elizabeth,Davis
910,Michael,Mcneil
911,Greg,Rivera
912,Maria,Cabrera
913,Tara,Walker
914,Shelly,Waters
915,Kyle,Nolan
916,Karina,Carter
917,David,Price
918,Megan,Snyder
919,Michelle,Hess
920,Christina,Holmes
921,William,Allen
922,Joseph,Johnson
923,Kelly,Kennedy
924,Sheila,Bonilla
925,Tamara,Navarro
926,Christopher,Walker
927,Ricardo,Bell
928,Melissa,Ortega
929,Nicole,Gamble
930,Phillip,Vega
931,Heather,Anderson
932,Jason,Perez
933,Alexis,Cooke
934,Carrie,Parker
935,Jose,Best
936,Kenneth,Davis
937,Ricardo,Davis
938,Caitlin,Cowan
939,James,Estrada
940,James,Lawrence
941,Jeff,Fuller
942,Carrie,Watts
943,Malik,Hensley
944,Paul,Hayes
945,Kevin,Washington
946,Jason,Snow
947,Julie,Kim
948,Kristin,Singleton
949,Michael,Navarro
950,Adam,Johnson
951,Luis,Moreno
952,Patricia,Jones
953,Erica,Gray
954,Patrick,Johnson
955,Elizabeth,Lewis
956,Hannah,Hernandez
957,Miss,Julia
958,Karen,Whitehead
959,Tiffany,Baker
960,Dana,Peters
961,Bobby,Williams
962,Amanda,Page
963,Mercedes,Burke
964,Mathew,Esparza
965,Neil,Oneill
966,Mark,Meyers
967,Margaret,Evans
968,Tiffany,Harvey
969,Andrew,Little
970,Andrew,Henry
971,Sue,Johnson
972,Laura,Phillips
973,Jennifer,Briggs
974,Amy,Weaver
975,Benjamin,Gonzales
976,Kelly,Pena
977,Eric,Lee
978,Robert,Ortiz
979,Daniel,Hoover
980,Jamie,Guerrero
981,Cindy,Chavez
982,Jared,Fields
983,Mary,Friedman
984,Lisa,Hopkins
985,Elizabeth,Watson
986,Gabriel,Smith
987,Devin,Rice
988,Christina,Jacobson
989,John,Sanchez
990,Ralph,Zamora
991,Stephen,Hall
992,Jennifer,Martinez
993,Antonio,James
994,Raymond,Wright
995,Ashley,Young
996,Brandy,Gutierrez
997,Chelsey,Waller
998,Shannon,Ray
999,Tiffany,Morgan
1000,Sarah,Lawrence
1001,Juan,Hawkins
1002,Steve,Patterson
1003,Kathryn,Bates
1004,Emily,Griffith
1005,Roberta,Ferguson
1006,John,Ortega
1007,William,Wong
1008,Christopher,Rodriguez
1009,Dr.,Melissa
1010,Katie,Nelson
1011,Wanda,Duran
1012,Linda,Campbell
1013,Jason,Roach
1014,David,Williams
1015,Kristin,Parks
1016,Nancy,Winters
1017,Alyssa,Edwards
1018,Michael,Ruiz
1019,Dawn,Green
1020,John,Richards
1021,Brian,Cohen
1022,Raymond,Smith
1023,John,Garcia
1024,Shawn,Davis
1025,Brendan,Johnson
1026,Christopher,Fisher
1027,Alexandra,Mcdonald
1028,Sara,Hull
1029,Randall,Tucker
1030,Alexander,Spears
1031,Maria,Garcia
1032,Michael,Brown
1033,Hailey,Clark
1034,Eric,Wilson
1035,Elizabeth,Ruiz
1036,Amy,Arroyo
1037,Steven,Williams
1038,Andre,Salazar
1039,Frederick,Vance
1040,Amy,Young
1041,Stephen,Arias
1042,Kyle,Mckee
1043,Taylor,Mccoy
1044,James,Greene
1045,Martha,Elliott
1046,Ms.,Melissa
1047,Katherine,Adams
1048,Michael,Stewart
1049,Brian,Caldwell
1050,Diana,Moore
1051,Jessica,Rodriguez
1052,Gregory,Day
1053,Jeffrey,Henson
1054,Julie,Hanna
1055,Jonathan,Hodges
1056,Christopher,Thomas
1057,Justin,Williamson
1058,Mr.,Curtis
1059,Ana,Davis
1060,Andrew,Cardenas
1061,Christopher,Robinson
1062,David,Burns
1063,Eric,Harper
1064,Kristin,Carlson
1065,Michael,Oliver
1066,Jessica,Gates
1067,Rachel,Perry
1068,Erik,Reyes
1069,Elizabeth,Robinson
1070,Paula,Galloway
1071,Lisa,Garza
1072,Ashley,Morris
1073,Catherine,Morgan
1074,Alexander,Reyes
1075,Joseph,King
1076,Timothy,Wagner
1077,Julie,Jackson
1078,Darryl,Hodges
1079,Chelsea,Phillips
1080,Michael,Barnes
1081,Angela,Richardson
1082,Ashley,Hoffman
1083,Nicholas,Thompson
1084,Gregory,Lopez
1085,Donald,Hawkins
1086,Alexander,Rhodes
1087,Jennifer,Lopez
1088,Jamie,Warner
1089,Brenda,Wang
1090,Kyle,Simmons
1091,Debra,Wise
1092,Ashlee,Pierce
1093,Louis,Young
1094,Dr.,Christopher
1095,Paul,Murillo
1096,Jesse,Ramirez
1097,Brian,Morales
1098,Sarah,Anderson
1099,Charles,Freeman
1100,Jose,Raymond
1101,Sandra,Valenzuela
1102,Ryan,Smith
1103,Wanda,Bates
1104,Angela,Adams
1105,Michael,Smith
1106,Sophia,Barron
1107,Brian,Parker
1108,Aaron,Aguirre
1109,Bruce,Hayes
1110,Ashley,Smith
1111,Pamela,Miller
1112,Samantha,Wilson
1113,Maria,Gibbs
1114,Laura,Howe
1115,Alexis,Green
1116,Kyle,Hawkins
1117,Charles,Walters
1118,Jennifer,Johnson
1119,Renee,Bowman
1120,Danielle,Savage
1121,Blake,Martin
1122,Jared,West
1123,Michael,Freeman
1124,Molly,Young
1125,Brian,Frazier
1126,Eric,Moody
1127,Carolyn,Santos
1128,James,Howard
1129,Sara,Hardin
1130,Tyler,Anderson
1131,Tammy,Hicks
1132,Donna,Chapman
1133,Shawn,Weeks
1134,Pamela,Lee
1135,Aaron,Clark
1136,Jake,Walker
1137,Hannah,Perez
1138,Ana,Morgan
1139,Nicole,Horn
1140,Theresa,Bond
1141,Scott,Nelson
1142,Ivan,Burns
1143,Chelsea,Burke
1144,Carol,Nolan
1145,Marie,Curtis
1146,Jodi,Williams
1147,Laura,Spencer
1148,Crystal,Lester
1149,James,Glenn
1150,Nicole,Smith
1151,Adam,Castillo
1152,Alexander,Thompson
1153,Gary,Alexander
1154,Christopher,Dennis
1155,Whitney,Vang
1156,Norma,Jones
1157,Eric,Brooks
1158,Tyler,Allen
1159,Randall,Long
1160,Rebecca,Johnson
1161,Tara,Owens
1162,James,Salinas
1163,Brenda,James
1164,Joseph,Burnett
1165,Julia,Hendricks
1166,Jonathan,Bullock
1167,Michael,Baker
1168,Jacob,Martin
1169,Andrew,Burke
1170,Betty,Jacobs
1171,Christopher,Ayers
1172,Stacy,Combs
1173,Linda,Jennings
1174,Jackson,Jones
1175,Anthony,Hill
1176,Douglas,Dillon
1177,Joseph,Baker
1178,Spencer,Goodwin
1179,Scott,Neal
1180,Natalie,Lawrence
1181,Jessica,Jenkins
1182,Zachary,Schaefer
1183,Nathan,Olson
1184,Erika,Rodriguez
1185,Christopher,Booker
1186,Patricia,Freeman
1187,Austin,Carroll
1188,Lisa,Weber
1189,Susan,Hogan
1190,Matthew,Jensen
1191,William,Lawrence
1192,Hayley,Mclaughlin
1193,Kathleen,Zhang
1194,Patricia,Wolf
1195,Edward,Brown
1196,Jonathan,Pennington
1197,Thomas,Chavez
1198,Yvonne,Marshall
1199,Heather,Brooks
1200,Tara,Donovan
1201,Marissa,Holden
1202,Andre,Patterson
1203,Kimberly,Jones
1204,Kevin,Harper
1205,Wayne,Frazier
1206,Michael,Daniels
1207,Erica,Higgins
1208,Heather,Bridges
1209,James,Foley
1210,Paula,Mack
1211,Samantha,King
1212,Jesse,Higgins
1213,Joshua,Harris
1214,Thomas,Payne
1215,Amber,Parker
1216,Samantha,West
1217,Kendra,Alexander
1218,Kelly,Rodriguez
1219,Derrick,Dean
1220,Mariah,Jones
1221,Martin,Williams
1222,Sarah,Bishop
1223,Linda,Allen
1224,Jessica,Cox
1225,Christine,Smith
1226,Jennifer,Gibson
1227,Michael,Gardner
1228,Mary,Stephens
1229,Edwin,Contreras
1230,Barbara,Clay
1231,Christopher,Marshall
1232,Robert,Guerrero
1233,Benjamin,Baker
1234,Tammy,Rodriguez
1235,Christine,Hall
1236,John,Wilson
1237,Bradley,Nguyen
1238,Patrick,Martin
1239,Kaitlin,Martinez
1240,Steve,Gray
1241,Samantha,Winters
1242,April,Frank
1243,Chad,Morrow
1244,Ryan,Aguirre
1245,Abigail,Wu
1246,Lauren,Elliott
1247,Katie,Williams
1248,Christina,Jones
1249,Joshua,Warren
1250,Ashley,Bradley
1251,Robert,Obrien
1252,Nicholas,Keller
1253,William,Jordan
1254,James,Vasquez
1255,Andrew,Jones
1256,Colleen,Evans
1257,Andrea,Molina
1258,Tina,Goodwin
1259,Frank,Hernandez
1260,William,Forbes
1261,William,Jackson
1262,Johnny,Nunez
1263,Patrick,Lambert
1264,Amanda,Hill
1265,Brian,Wilson
1266,David,Allen
1267,Bonnie,Thompson
1268,Douglas,Diaz
1269,Kimberly,Blackburn
1270,Patrick,Clark
1271,Diane,Berger
1272,John,Bell
1273,Lisa,Lopez
1274,Amy,West
1275,Taylor,Ellis
1276,Lisa,Gomez
1277,William,Richardson
1278,Jennifer,Brown
1279,Brianna,Woodard
1280,Sandra,Williams
1281,Sean,Chavez
1282,Jennifer,Gray
1283,Mark,Smith
1284,Christina,Gray
1285,Paul,Thomas
1286,Lori,Tucker
1287,Larry,Fox
1288,Gary,Young
1289,Michelle,Olson
1290,Rebecca,Clarke
1291,Charles,Mcmillan
1292,Christian,Williamson
1293,Danielle,Ford
1294,Courtney,Ward
1295,Paul,Smith
1296,Patricia,Torres
1297,Nicole,Cox
1298,Judy,Diaz
1299,Mr.,Jeff